-17.516,-12.506,-12.506,-17.516,-12.506,-17.516
-19.445,-13.879,-13.879,-19.445,-13.879,-19.445
-21.857,-15.623,-15.623,-21.857,-15.623,-21.857
-25.012,-17.85,-17.85,-25.012,-17.85,-25.012
-29.168,-20.818,-20.818,-29.168,-20.818,-29.168
-34.994,-25.012,-25.012,-34.994,-25.012,-34.994
-43.752,-31.246,-31.246,-43.752,-31.246,-43.752
-58.336,-41.674,-41.674,-58.336,-41.674,-58.336
-87.504,-62.492,-62.492,-87.504,-62.492,-87.504
-175.01,-124.98,-124.98,-175.01,-124.98,-175.01
-17.516,-12.506,-12.506,-14.51,-9.5,-14.51
-19.445,-13.879,-13.879,-16.105,-10.539,-16.105
-21.857,-15.623,-15.623,-18.109,-11.875,-18.109
-25.012,-17.85,-17.85,-20.707,-13.582,-20.707
-29.168,-20.818,-20.818,-24.158,-15.846,-24.158
-34.994,-25.012,-25.012,-28.982,-19,-28.982
-43.752,-31.246,-31.246,-36.256,-23.75,-36.256
-58.336,-41.674,-41.674,-48.316,-31.654,-48.316
-87.504,-62.492,-62.492,-72.512,-47.5,-72.512
-175.01,-124.98,-124.98,-144.99,-95,-144.99
-17.516,-12.506,-12.506,-11.504,-6.4941,-11.504
-19.445,-13.879,-13.879,-12.766,-7.2363,-12.766
-21.857,-15.623,-15.623,-14.361,-8.127,-14.361
-25.012,-17.85,-17.85,-16.439,-9.2773,-16.439
-29.168,-20.818,-20.818,-19.148,-10.836,-19.148
-34.994,-25.012,-25.012,-23.008,-12.988,-23.008
-43.752,-31.246,-31.246,-28.76,-16.254,-28.76
-58.336,-41.674,-41.674,-38.334,-21.672,-38.334
-87.504,-62.492,-62.492,-57.482,-32.508,-57.482
-175.01,-124.98,-124.98,-115,-65.016,-115
-17.516,-12.506,-12.506,-8.498,-3.4883,-8.498
-19.445,-13.879,-13.879,-9.4629,-3.8965,-9.4629
-21.857,-15.623,-15.623,-10.613,-4.3789,-10.613
-25.012,-17.85,-17.85,-12.135,-5.0098,-12.135
-29.168,-20.818,-20.818,-14.176,-5.8262,-14.176
-34.994,-25.012,-25.012,-16.996,-7.0137,-16.996
-43.752,-31.246,-31.246,-21.264,-8.7578,-21.264
-58.336,-41.674,-41.674,-28.352,-11.652,-28.352
-87.504,-62.492,-62.492,-42.49,-17.516,-42.49
-175.01,-124.98,-124.98,-85.018,-34.994,-85.018
-17.516,-12.506,-12.506,-5.4922,-0.48242,-5.4922
-19.445,-13.879,-13.879,-6.123,-0.55664,-6.123
-21.857,-15.623,-15.623,-6.8652,-0.63086,-6.8652
-25.012,-17.85,-17.85,-7.8672,-0.70508,-7.8672
-29.168,-20.818,-20.818,-9.166,-0.81641,-9.166
-34.994,-25.012,-25.012,-10.984,-1.002,-10.984
-43.752,-31.246,-31.246,-13.768,-1.2617,-13.768
-58.336,-41.674,-41.674,-18.332,-1.6699,-18.332
-87.504,-62.492,-62.492,-27.498,-2.4863,-27.498
-175.01,-124.98,-124.98,-54.996,-5.0098,-54.996
-17.516,-12.506,-12.506,-2.4863,2.4863,-2.4863
-19.445,-13.879,-13.879,-2.7832,2.7832,-2.7832
-21.857,-15.623,-15.623,-3.1172,3.1172,-3.1172
-25.012,-17.85,-17.85,-3.5625,3.5625,-3.5625
-29.168,-20.818,-20.818,-4.1563,4.1563,-4.1563
-34.994,-25.012,-25.012,-5.0098,5.0098,-5.0098
-43.752,-31.246,-31.246,-6.2344,6.2344,-6.2344
-58.336,-41.674,-41.674,-8.3496,8.3496,-8.3496
-87.504,-62.492,-62.492,-12.506,12.506,-12.506
-175.01,-124.98,-124.98,-25.012,25.012,-25.012
-17.516,-12.506,-12.506,0.48242,5.4922,0.48242
-19.445,-13.879,-13.879,0.55664,6.123,0.55664
-21.857,-15.623,-15.623,0.63086,6.8652,0.63086
-25.012,-17.85,-17.85,0.70508,7.8672,0.70508
-29.168,-20.818,-20.818,0.81641,9.166,0.81641
-34.994,-25.012,-25.012,1.002,10.984,1.002
-43.752,-31.246,-31.246,1.2617,13.768,1.2617
-58.336,-41.674,-41.674,1.6699,18.332,1.6699
-87.504,-62.492,-62.492,2.4863,27.498,2.4863
-175.01,-124.98,-124.98,5.0098,54.996,5.0098
-17.516,-12.506,-12.506,3.4883,8.498,3.4883
-19.445,-13.879,-13.879,3.8965,9.4629,3.8965
-21.857,-15.623,-15.623,4.3789,10.613,4.3789
-25.012,-17.85,-17.85,5.0098,12.135,5.0098
-29.168,-20.818,-20.818,5.8262,14.176,5.8262
-34.994,-25.012,-25.012,7.0137,16.996,7.0137
-43.752,-31.246,-31.246,8.7578,21.264,8.7578
-58.336,-41.674,-41.674,11.652,28.352,11.652
-87.504,-62.492,-62.492,17.516,42.49,17.516
-175.01,-124.98,-124.98,34.994,85.018,34.994
-17.516,-12.506,-12.506,6.4941,11.504,6.4941
-19.445,-13.879,-13.879,7.2363,12.766,7.2363
-21.857,-15.623,-15.623,8.127,14.361,8.127
-25.012,-17.85,-17.85,9.2773,16.439,9.2773
-29.168,-20.818,-20.818,10.836,19.148,10.836
-34.994,-25.012,-25.012,12.988,23.008,12.988
-43.752,-31.246,-31.246,16.254,28.76,16.254
-58.336,-41.674,-41.674,21.672,38.334,21.672
-87.504,-62.492,-62.492,32.508,57.482,32.508
-175.01,-124.98,-124.98,65.016,115,65.016
-17.516,-12.506,-12.506,9.5,14.51,9.5
-19.445,-13.879,-13.879,10.539,16.105,10.539
-21.857,-15.623,-15.623,11.875,18.109,11.875
-25.012,-17.85,-17.85,13.582,20.707,13.582
-29.168,-20.818,-20.818,15.846,24.158,15.846
-34.994,-25.012,-25.012,19,28.982,19
-43.752,-31.246,-31.246,23.75,36.256,23.75
-58.336,-41.674,-41.674,31.654,48.316,31.654
-87.504,-62.492,-62.492,47.5,72.512,47.5
-175.01,-124.98,-124.98,95,144.99,95
-17.516,-12.506,-12.506,12.506,17.516,12.506
-19.445,-13.879,-13.879,13.879,19.445,13.879
-21.857,-15.623,-15.623,15.623,21.857,15.623
-25.012,-17.85,-17.85,17.85,25.012,17.85
-29.168,-20.818,-20.818,20.818,29.168,20.818
-34.994,-25.012,-25.012,25.012,34.994,25.012
-43.752,-31.246,-31.246,31.246,43.752,31.246
-58.336,-41.674,-41.674,41.674,58.336,41.674
-87.504,-62.492,-62.492,62.492,87.504,62.492
-175.01,-124.98,-124.98,124.98,175.01,124.98
-14.51,-9.5,-9.5,-17.516,-12.506,-17.516
-16.105,-10.539,-10.539,-19.445,-13.879,-19.445
-18.109,-11.875,-11.875,-21.857,-15.623,-21.857
-20.707,-13.582,-13.582,-25.012,-17.85,-25.012
-24.158,-15.846,-15.846,-29.168,-20.818,-29.168
-28.982,-19,-19,-34.994,-25.012,-34.994
-36.256,-23.75,-23.75,-43.752,-31.246,-43.752
-48.316,-31.654,-31.654,-58.336,-41.674,-58.336
-72.512,-47.5,-47.5,-87.504,-62.492,-87.504
-144.99,-95,-95,-175.01,-124.98,-175.01
-14.51,-9.5,-9.5,-14.51,-9.5,-14.51
-16.105,-10.539,-10.539,-16.105,-10.539,-16.105
-18.109,-11.875,-11.875,-18.109,-11.875,-18.109
-20.707,-13.582,-13.582,-20.707,-13.582,-20.707
-24.158,-15.846,-15.846,-24.158,-15.846,-24.158
-28.982,-19,-19,-28.982,-19,-28.982
-36.256,-23.75,-23.75,-36.256,-23.75,-36.256
-48.316,-31.654,-31.654,-48.316,-31.654,-48.316
-72.512,-47.5,-47.5,-72.512,-47.5,-72.512
-144.99,-95,-95,-144.99,-95,-144.99
-14.51,-9.5,-9.5,-11.504,-6.4941,-11.504
-16.105,-10.539,-10.539,-12.766,-7.2363,-12.766
-18.109,-11.875,-11.875,-14.361,-8.127,-14.361
-20.707,-13.582,-13.582,-16.439,-9.2773,-16.439
-24.158,-15.846,-15.846,-19.148,-10.836,-19.148
-28.982,-19,-19,-23.008,-12.988,-23.008
-36.256,-23.75,-23.75,-28.76,-16.254,-28.76
-48.316,-31.654,-31.654,-38.334,-21.672,-38.334
-72.512,-47.5,-47.5,-57.482,-32.508,-57.482
-144.99,-95,-95,-115,-65.016,-115
-14.51,-9.5,-9.5,-8.498,-3.4883,-8.498
-16.105,-10.539,-10.539,-9.4629,-3.8965,-9.4629
-18.109,-11.875,-11.875,-10.613,-4.3789,-10.613
-20.707,-13.582,-13.582,-12.135,-5.0098,-12.135
-24.158,-15.846,-15.846,-14.176,-5.8262,-14.176
-28.982,-19,-19,-16.996,-7.0137,-16.996
-36.256,-23.75,-23.75,-21.264,-8.7578,-21.264
-48.316,-31.654,-31.654,-28.352,-11.652,-28.352
-72.512,-47.5,-47.5,-42.49,-17.516,-42.49
-144.99,-95,-95,-85.018,-34.994,-85.018
-14.51,-9.5,-9.5,-5.4922,-0.48242,-5.4922
-16.105,-10.539,-10.539,-6.123,-0.55664,-6.123
-18.109,-11.875,-11.875,-6.8652,-0.63086,-6.8652
-20.707,-13.582,-13.582,-7.8672,-0.70508,-7.8672
-24.158,-15.846,-15.846,-9.166,-0.81641,-9.166
-28.982,-19,-19,-10.984,-1.002,-10.984
-36.256,-23.75,-23.75,-13.768,-1.2617,-13.768
-48.316,-31.654,-31.654,-18.332,-1.6699,-18.332
-72.512,-47.5,-47.5,-27.498,-2.4863,-27.498
-144.99,-95,-95,-54.996,-5.0098,-54.996
-14.51,-9.5,-9.5,-2.4863,2.4863,-2.4863
-16.105,-10.539,-10.539,-2.7832,2.7832,-2.7832
-18.109,-11.875,-11.875,-3.1172,3.1172,-3.1172
-20.707,-13.582,-13.582,-3.5625,3.5625,-3.5625
-24.158,-15.846,-15.846,-4.1563,4.1563,-4.1563
-28.982,-19,-19,-5.0098,5.0098,-5.0098
-36.256,-23.75,-23.75,-6.2344,6.2344,-6.2344
-48.316,-31.654,-31.654,-8.3496,8.3496,-8.3496
-72.512,-47.5,-47.5,-12.506,12.506,-12.506
-144.99,-95,-95,-25.012,25.012,-25.012
-14.51,-9.5,-9.5,0.48242,5.4922,0.48242
-16.105,-10.539,-10.539,0.55664,6.123,0.55664
-18.109,-11.875,-11.875,0.63086,6.8652,0.63086
-20.707,-13.582,-13.582,0.70508,7.8672,0.70508
-24.158,-15.846,-15.846,0.81641,9.166,0.81641
-28.982,-19,-19,1.002,10.984,1.002
-36.256,-23.75,-23.75,1.2617,13.768,1.2617
-48.316,-31.654,-31.654,1.6699,18.332,1.6699
-72.512,-47.5,-47.5,2.4863,27.498,2.4863
-144.99,-95,-95,5.0098,54.996,5.0098
-14.51,-9.5,-9.5,3.4883,8.498,3.4883
-16.105,-10.539,-10.539,3.8965,9.4629,3.8965
-18.109,-11.875,-11.875,4.3789,10.613,4.3789
-20.707,-13.582,-13.582,5.0098,12.135,5.0098
-24.158,-15.846,-15.846,5.8262,14.176,5.8262
-28.982,-19,-19,7.0137,16.996,7.0137
-36.256,-23.75,-23.75,8.7578,21.264,8.7578
-48.316,-31.654,-31.654,11.652,28.352,11.652
-72.512,-47.5,-47.5,17.516,42.49,17.516
-144.99,-95,-95,34.994,85.018,34.994
-14.51,-9.5,-9.5,6.4941,11.504,6.4941
-16.105,-10.539,-10.539,7.2363,12.766,7.2363
-18.109,-11.875,-11.875,8.127,14.361,8.127
-20.707,-13.582,-13.582,9.2773,16.439,9.2773
-24.158,-15.846,-15.846,10.836,19.148,10.836
-28.982,-19,-19,12.988,23.008,12.988
-36.256,-23.75,-23.75,16.254,28.76,16.254
-48.316,-31.654,-31.654,21.672,38.334,21.672
-72.512,-47.5,-47.5,32.508,57.482,32.508
-144.99,-95,-95,65.016,115,65.016
-14.51,-9.5,-9.5,9.5,14.51,9.5
-16.105,-10.539,-10.539,10.539,16.105,10.539
-18.109,-11.875,-11.875,11.875,18.109,11.875
-20.707,-13.582,-13.582,13.582,20.707,13.582
-24.158,-15.846,-15.846,15.846,24.158,15.846
-28.982,-19,-19,19,28.982,19
-36.256,-23.75,-23.75,23.75,36.256,23.75
-48.316,-31.654,-31.654,31.654,48.316,31.654
-72.512,-47.5,-47.5,47.5,72.512,47.5
-144.99,-95,-95,95,144.99,95
-14.51,-9.5,-9.5,12.506,17.516,12.506
-16.105,-10.539,-10.539,13.879,19.445,13.879
-18.109,-11.875,-11.875,15.623,21.857,15.623
-20.707,-13.582,-13.582,17.85,25.012,17.85
-24.158,-15.846,-15.846,20.818,29.168,20.818
-28.982,-19,-19,25.012,34.994,25.012
-36.256,-23.75,-23.75,31.246,43.752,31.246
-48.316,-31.654,-31.654,41.674,58.336,41.674
-72.512,-47.5,-47.5,62.492,87.504,62.492
-144.99,-95,-95,124.98,175.01,124.98
-11.504,-6.4941,-6.4941,-17.516,-12.506,-17.516
-12.766,-7.2363,-7.2363,-19.445,-13.879,-19.445
-14.361,-8.127,-8.127,-21.857,-15.623,-21.857
-16.439,-9.2773,-9.2773,-25.012,-17.85,-25.012
-19.148,-10.836,-10.836,-29.168,-20.818,-29.168
-23.008,-12.988,-12.988,-34.994,-25.012,-34.994
-28.76,-16.254,-16.254,-43.752,-31.246,-43.752
-38.334,-21.672,-21.672,-58.336,-41.674,-58.336
-57.482,-32.508,-32.508,-87.504,-62.492,-87.504
-115,-65.016,-65.016,-175.01,-124.98,-175.01
-11.504,-6.4941,-6.4941,-14.51,-9.5,-14.51
-12.766,-7.2363,-7.2363,-16.105,-10.539,-16.105
-14.361,-8.127,-8.127,-18.109,-11.875,-18.109
-16.439,-9.2773,-9.2773,-20.707,-13.582,-20.707
-19.148,-10.836,-10.836,-24.158,-15.846,-24.158
-23.008,-12.988,-12.988,-28.982,-19,-28.982
-28.76,-16.254,-16.254,-36.256,-23.75,-36.256
-38.334,-21.672,-21.672,-48.316,-31.654,-48.316
-57.482,-32.508,-32.508,-72.512,-47.5,-72.512
-115,-65.016,-65.016,-144.99,-95,-144.99
-11.504,-6.4941,-6.4941,-11.504,-6.4941,-11.504
-12.766,-7.2363,-7.2363,-12.766,-7.2363,-12.766
-14.361,-8.127,-8.127,-14.361,-8.127,-14.361
-16.439,-9.2773,-9.2773,-16.439,-9.2773,-16.439
-19.148,-10.836,-10.836,-19.148,-10.836,-19.148
-23.008,-12.988,-12.988,-23.008,-12.988,-23.008
-28.76,-16.254,-16.254,-28.76,-16.254,-28.76
-38.334,-21.672,-21.672,-38.334,-21.672,-38.334
-57.482,-32.508,-32.508,-57.482,-32.508,-57.482
-115,-65.016,-65.016,-115,-65.016,-115
-11.504,-6.4941,-6.4941,-8.498,-3.4883,-8.498
-12.766,-7.2363,-7.2363,-9.4629,-3.8965,-9.4629
-14.361,-8.127,-8.127,-10.613,-4.3789,-10.613
-16.439,-9.2773,-9.2773,-12.135,-5.0098,-12.135
-19.148,-10.836,-10.836,-14.176,-5.8262,-14.176
-23.008,-12.988,-12.988,-16.996,-7.0137,-16.996
-28.76,-16.254,-16.254,-21.264,-8.7578,-21.264
-38.334,-21.672,-21.672,-28.352,-11.652,-28.352
-57.482,-32.508,-32.508,-42.49,-17.516,-42.49
-115,-65.016,-65.016,-85.018,-34.994,-85.018
-11.504,-6.4941,-6.4941,-5.4922,-0.48242,-5.4922
-12.766,-7.2363,-7.2363,-6.123,-0.55664,-6.123
-14.361,-8.127,-8.127,-6.8652,-0.63086,-6.8652
-16.439,-9.2773,-9.2773,-7.8672,-0.70508,-7.8672
-19.148,-10.836,-10.836,-9.166,-0.81641,-9.166
-23.008,-12.988,-12.988,-10.984,-1.002,-10.984
-28.76,-16.254,-16.254,-13.768,-1.2617,-13.768
-38.334,-21.672,-21.672,-18.332,-1.6699,-18.332
-57.482,-32.508,-32.508,-27.498,-2.4863,-27.498
-115,-65.016,-65.016,-54.996,-5.0098,-54.996
-11.504,-6.4941,-6.4941,-2.4863,2.4863,-2.4863
-12.766,-7.2363,-7.2363,-2.7832,2.7832,-2.7832
-14.361,-8.127,-8.127,-3.1172,3.1172,-3.1172
-16.439,-9.2773,-9.2773,-3.5625,3.5625,-3.5625
-19.148,-10.836,-10.836,-4.1563,4.1563,-4.1563
-23.008,-12.988,-12.988,-5.0098,5.0098,-5.0098
-28.76,-16.254,-16.254,-6.2344,6.2344,-6.2344
-38.334,-21.672,-21.672,-8.3496,8.3496,-8.3496
-57.482,-32.508,-32.508,-12.506,12.506,-12.506
-115,-65.016,-65.016,-25.012,25.012,-25.012
-11.504,-6.4941,-6.4941,0.48242,5.4922,0.48242
-12.766,-7.2363,-7.2363,0.55664,6.123,0.55664
-14.361,-8.127,-8.127,0.63086,6.8652,0.63086
-16.439,-9.2773,-9.2773,0.70508,7.8672,0.70508
-19.148,-10.836,-10.836,0.81641,9.166,0.81641
-23.008,-12.988,-12.988,1.002,10.984,1.002
-28.76,-16.254,-16.254,1.2617,13.768,1.2617
-38.334,-21.672,-21.672,1.6699,18.332,1.6699
-57.482,-32.508,-32.508,2.4863,27.498,2.4863
-115,-65.016,-65.016,5.0098,54.996,5.0098
-11.504,-6.4941,-6.4941,3.4883,8.498,3.4883
-12.766,-7.2363,-7.2363,3.8965,9.4629,3.8965
-14.361,-8.127,-8.127,4.3789,10.613,4.3789
-16.439,-9.2773,-9.2773,5.0098,12.135,5.0098
-19.148,-10.836,-10.836,5.8262,14.176,5.8262
-23.008,-12.988,-12.988,7.0137,16.996,7.0137
-28.76,-16.254,-16.254,8.7578,21.264,8.7578
-38.334,-21.672,-21.672,11.652,28.352,11.652
-57.482,-32.508,-32.508,17.516,42.49,17.516
-115,-65.016,-65.016,34.994,85.018,34.994
-11.504,-6.4941,-6.4941,6.4941,11.504,6.4941
-12.766,-7.2363,-7.2363,7.2363,12.766,7.2363
-14.361,-8.127,-8.127,8.127,14.361,8.127
-16.439,-9.2773,-9.2773,9.2773,16.439,9.2773
-19.148,-10.836,-10.836,10.836,19.148,10.836
-23.008,-12.988,-12.988,12.988,23.008,12.988
-28.76,-16.254,-16.254,16.254,28.76,16.254
-38.334,-21.672,-21.672,21.672,38.334,21.672
-57.482,-32.508,-32.508,32.508,57.482,32.508
-115,-65.016,-65.016,65.016,115,65.016
-11.504,-6.4941,-6.4941,9.5,14.51,9.5
-12.766,-7.2363,-7.2363,10.539,16.105,10.539
-14.361,-8.127,-8.127,11.875,18.109,11.875
-16.439,-9.2773,-9.2773,13.582,20.707,13.582
-19.148,-10.836,-10.836,15.846,24.158,15.846
-23.008,-12.988,-12.988,19,28.982,19
-28.76,-16.254,-16.254,23.75,36.256,23.75
-38.334,-21.672,-21.672,31.654,48.316,31.654
-57.482,-32.508,-32.508,47.5,72.512,47.5
-115,-65.016,-65.016,95,144.99,95
-11.504,-6.4941,-6.4941,12.506,17.516,12.506
-12.766,-7.2363,-7.2363,13.879,19.445,13.879
-14.361,-8.127,-8.127,15.623,21.857,15.623
-16.439,-9.2773,-9.2773,17.85,25.012,17.85
-19.148,-10.836,-10.836,20.818,29.168,20.818
-23.008,-12.988,-12.988,25.012,34.994,25.012
-28.76,-16.254,-16.254,31.246,43.752,31.246
-38.334,-21.672,-21.672,41.674,58.336,41.674
-57.482,-32.508,-32.508,62.492,87.504,62.492
-115,-65.016,-65.016,124.98,175.01,124.98
-8.498,-3.4883,-3.4883,-17.516,-12.506,-17.516
-9.4629,-3.8965,-3.8965,-19.445,-13.879,-19.445
-10.613,-4.3789,-4.3789,-21.857,-15.623,-21.857
-12.135,-5.0098,-5.0098,-25.012,-17.85,-25.012
-14.176,-5.8262,-5.8262,-29.168,-20.818,-29.168
-16.996,-7.0137,-7.0137,-34.994,-25.012,-34.994
-21.264,-8.7578,-8.7578,-43.752,-31.246,-43.752
-28.352,-11.652,-11.652,-58.336,-41.674,-58.336
-42.49,-17.516,-17.516,-87.504,-62.492,-87.504
-85.018,-34.994,-34.994,-175.01,-124.98,-175.01
-8.498,-3.4883,-3.4883,-14.51,-9.5,-14.51
-9.4629,-3.8965,-3.8965,-16.105,-10.539,-16.105
-10.613,-4.3789,-4.3789,-18.109,-11.875,-18.109
-12.135,-5.0098,-5.0098,-20.707,-13.582,-20.707
-14.176,-5.8262,-5.8262,-24.158,-15.846,-24.158
-16.996,-7.0137,-7.0137,-28.982,-19,-28.982
-21.264,-8.7578,-8.7578,-36.256,-23.75,-36.256
-28.352,-11.652,-11.652,-48.316,-31.654,-48.316
-42.49,-17.516,-17.516,-72.512,-47.5,-72.512
-85.018,-34.994,-34.994,-144.99,-95,-144.99
-8.498,-3.4883,-3.4883,-11.504,-6.4941,-11.504
-9.4629,-3.8965,-3.8965,-12.766,-7.2363,-12.766
-10.613,-4.3789,-4.3789,-14.361,-8.127,-14.361
-12.135,-5.0098,-5.0098,-16.439,-9.2773,-16.439
-14.176,-5.8262,-5.8262,-19.148,-10.836,-19.148
-16.996,-7.0137,-7.0137,-23.008,-12.988,-23.008
-21.264,-8.7578,-8.7578,-28.76,-16.254,-28.76
-28.352,-11.652,-11.652,-38.334,-21.672,-38.334
-42.49,-17.516,-17.516,-57.482,-32.508,-57.482
-85.018,-34.994,-34.994,-115,-65.016,-115
-8.498,-3.4883,-3.4883,-8.498,-3.4883,-8.498
-9.4629,-3.8965,-3.8965,-9.4629,-3.8965,-9.4629
-10.613,-4.3789,-4.3789,-10.613,-4.3789,-10.613
-12.135,-5.0098,-5.0098,-12.135,-5.0098,-12.135
-14.176,-5.8262,-5.8262,-14.176,-5.8262,-14.176
-16.996,-7.0137,-7.0137,-16.996,-7.0137,-16.996
-21.264,-8.7578,-8.7578,-21.264,-8.7578,-21.264
-28.352,-11.652,-11.652,-28.352,-11.652,-28.352
-42.49,-17.516,-17.516,-42.49,-17.516,-42.49
-85.018,-34.994,-34.994,-85.018,-34.994,-85.018
-8.498,-3.4883,-3.4883,-5.4922,-0.48242,-5.4922
-9.4629,-3.8965,-3.8965,-6.123,-0.55664,-6.123
-10.613,-4.3789,-4.3789,-6.8652,-0.63086,-6.8652
-12.135,-5.0098,-5.0098,-7.8672,-0.70508,-7.8672
-14.176,-5.8262,-5.8262,-9.166,-0.81641,-9.166
-16.996,-7.0137,-7.0137,-10.984,-1.002,-10.984
-21.264,-8.7578,-8.7578,-13.768,-1.2617,-13.768
-28.352,-11.652,-11.652,-18.332,-1.6699,-18.332
-42.49,-17.516,-17.516,-27.498,-2.4863,-27.498
-85.018,-34.994,-34.994,-54.996,-5.0098,-54.996
-8.498,-3.4883,-3.4883,-2.4863,2.4863,-2.4863
-9.4629,-3.8965,-3.8965,-2.7832,2.7832,-2.7832
-10.613,-4.3789,-4.3789,-3.1172,3.1172,-3.1172
-12.135,-5.0098,-5.0098,-3.5625,3.5625,-3.5625
-14.176,-5.8262,-5.8262,-4.1563,4.1563,-4.1563
-16.996,-7.0137,-7.0137,-5.0098,5.0098,-5.0098
-21.264,-8.7578,-8.7578,-6.2344,6.2344,-6.2344
-28.352,-11.652,-11.652,-8.3496,8.3496,-8.3496
-42.49,-17.516,-17.516,-12.506,12.506,-12.506
-85.018,-34.994,-34.994,-25.012,25.012,-25.012
-8.498,-3.4883,-3.4883,0.48242,5.4922,0.48242
-9.4629,-3.8965,-3.8965,0.55664,6.123,0.55664
-10.613,-4.3789,-4.3789,0.63086,6.8652,0.63086
-12.135,-5.0098,-5.0098,0.70508,7.8672,0.70508
-14.176,-5.8262,-5.8262,0.81641,9.166,0.81641
-16.996,-7.0137,-7.0137,1.002,10.984,1.002
-21.264,-8.7578,-8.7578,1.2617,13.768,1.2617
-28.352,-11.652,-11.652,1.6699,18.332,1.6699
-42.49,-17.516,-17.516,2.4863,27.498,2.4863
-85.018,-34.994,-34.994,5.0098,54.996,5.0098
-8.498,-3.4883,-3.4883,3.4883,8.498,3.4883
-9.4629,-3.8965,-3.8965,3.8965,9.4629,3.8965
-10.613,-4.3789,-4.3789,4.3789,10.613,4.3789
-12.135,-5.0098,-5.0098,5.0098,12.135,5.0098
-14.176,-5.8262,-5.8262,5.8262,14.176,5.8262
-16.996,-7.0137,-7.0137,7.0137,16.996,7.0137
-21.264,-8.7578,-8.7578,8.7578,21.264,8.7578
-28.352,-11.652,-11.652,11.652,28.352,11.652
-42.49,-17.516,-17.516,17.516,42.49,17.516
-85.018,-34.994,-34.994,34.994,85.018,34.994
-8.498,-3.4883,-3.4883,6.4941,11.504,6.4941
-9.4629,-3.8965,-3.8965,7.2363,12.766,7.2363
-10.613,-4.3789,-4.3789,8.127,14.361,8.127
-12.135,-5.0098,-5.0098,9.2773,16.439,9.2773
-14.176,-5.8262,-5.8262,10.836,19.148,10.836
-16.996,-7.0137,-7.0137,12.988,23.008,12.988
-21.264,-8.7578,-8.7578,16.254,28.76,16.254
-28.352,-11.652,-11.652,21.672,38.334,21.672
-42.49,-17.516,-17.516,32.508,57.482,32.508
-85.018,-34.994,-34.994,65.016,115,65.016
-8.498,-3.4883,-3.4883,9.5,14.51,9.5
-9.4629,-3.8965,-3.8965,10.539,16.105,10.539
-10.613,-4.3789,-4.3789,11.875,18.109,11.875
-12.135,-5.0098,-5.0098,13.582,20.707,13.582
-14.176,-5.8262,-5.8262,15.846,24.158,15.846
-16.996,-7.0137,-7.0137,19,28.982,19
-21.264,-8.7578,-8.7578,23.75,36.256,23.75
-28.352,-11.652,-11.652,31.654,48.316,31.654
-42.49,-17.516,-17.516,47.5,72.512,47.5
-85.018,-34.994,-34.994,95,144.99,95
-8.498,-3.4883,-3.4883,12.506,17.516,12.506
-9.4629,-3.8965,-3.8965,13.879,19.445,13.879
-10.613,-4.3789,-4.3789,15.623,21.857,15.623
-12.135,-5.0098,-5.0098,17.85,25.012,17.85
-14.176,-5.8262,-5.8262,20.818,29.168,20.818
-16.996,-7.0137,-7.0137,25.012,34.994,25.012
-21.264,-8.7578,-8.7578,31.246,43.752,31.246
-28.352,-11.652,-11.652,41.674,58.336,41.674
-42.49,-17.516,-17.516,62.492,87.504,62.492
-85.018,-34.994,-34.994,124.98,175.01,124.98
-5.4922,-0.48242,-0.48242,-17.516,-12.506,-17.516
-6.123,-0.55664,-0.55664,-19.445,-13.879,-19.445
-6.8652,-0.63086,-0.63086,-21.857,-15.623,-21.857
-7.8672,-0.70508,-0.70508,-25.012,-17.85,-25.012
-9.166,-0.81641,-0.81641,-29.168,-20.818,-29.168
-10.984,-1.002,-1.002,-34.994,-25.012,-34.994
-13.768,-1.2617,-1.2617,-43.752,-31.246,-43.752
-18.332,-1.6699,-1.6699,-58.336,-41.674,-58.336
-27.498,-2.4863,-2.4863,-87.504,-62.492,-87.504
-54.996,-5.0098,-5.0098,-175.01,-124.98,-175.01
-5.4922,-0.48242,-0.48242,-14.51,-9.5,-14.51
-6.123,-0.55664,-0.55664,-16.105,-10.539,-16.105
-6.8652,-0.63086,-0.63086,-18.109,-11.875,-18.109
-7.8672,-0.70508,-0.70508,-20.707,-13.582,-20.707
-9.166,-0.81641,-0.81641,-24.158,-15.846,-24.158
-10.984,-1.002,-1.002,-28.982,-19,-28.982
-13.768,-1.2617,-1.2617,-36.256,-23.75,-36.256
-18.332,-1.6699,-1.6699,-48.316,-31.654,-48.316
-27.498,-2.4863,-2.4863,-72.512,-47.5,-72.512
-54.996,-5.0098,-5.0098,-144.99,-95,-144.99
-5.4922,-0.48242,-0.48242,-11.504,-6.4941,-11.504
-6.123,-0.55664,-0.55664,-12.766,-7.2363,-12.766
-6.8652,-0.63086,-0.63086,-14.361,-8.127,-14.361
-7.8672,-0.70508,-0.70508,-16.439,-9.2773,-16.439
-9.166,-0.81641,-0.81641,-19.148,-10.836,-19.148
-10.984,-1.002,-1.002,-23.008,-12.988,-23.008
-13.768,-1.2617,-1.2617,-28.76,-16.254,-28.76
-18.332,-1.6699,-1.6699,-38.334,-21.672,-38.334
-27.498,-2.4863,-2.4863,-57.482,-32.508,-57.482
-54.996,-5.0098,-5.0098,-115,-65.016,-115
-5.4922,-0.48242,-0.48242,-8.498,-3.4883,-8.498
-6.123,-0.55664,-0.55664,-9.4629,-3.8965,-9.4629
-6.8652,-0.63086,-0.63086,-10.613,-4.3789,-10.613
-7.8672,-0.70508,-0.70508,-12.135,-5.0098,-12.135
-9.166,-0.81641,-0.81641,-14.176,-5.8262,-14.176
-10.984,-1.002,-1.002,-16.996,-7.0137,-16.996
-13.768,-1.2617,-1.2617,-21.264,-8.7578,-21.264
-18.332,-1.6699,-1.6699,-28.352,-11.652,-28.352
-27.498,-2.4863,-2.4863,-42.49,-17.516,-42.49
-54.996,-5.0098,-5.0098,-85.018,-34.994,-85.018
-5.4922,-0.48242,-0.48242,-5.4922,-0.48242,-5.4922
-6.123,-0.55664,-0.55664,-6.123,-0.55664,-6.123
-6.8652,-0.63086,-0.63086,-6.8652,-0.63086,-6.8652
-7.8672,-0.70508,-0.70508,-7.8672,-0.70508,-7.8672
-9.166,-0.81641,-0.81641,-9.166,-0.81641,-9.166
-10.984,-1.002,-1.002,-10.984,-1.002,-10.984
-13.768,-1.2617,-1.2617,-13.768,-1.2617,-13.768
-18.332,-1.6699,-1.6699,-18.332,-1.6699,-18.332
-27.498,-2.4863,-2.4863,-27.498,-2.4863,-27.498
-54.996,-5.0098,-5.0098,-54.996,-5.0098,-54.996
-5.4922,-0.48242,-0.48242,-2.4863,2.4863,-2.4863
-6.123,-0.55664,-0.55664,-2.7832,2.7832,-2.7832
-6.8652,-0.63086,-0.63086,-3.1172,3.1172,-3.1172
-7.8672,-0.70508,-0.70508,-3.5625,3.5625,-3.5625
-9.166,-0.81641,-0.81641,-4.1563,4.1563,-4.1563
-10.984,-1.002,-1.002,-5.0098,5.0098,-5.0098
-13.768,-1.2617,-1.2617,-6.2344,6.2344,-6.2344
-18.332,-1.6699,-1.6699,-8.3496,8.3496,-8.3496
-27.498,-2.4863,-2.4863,-12.506,12.506,-12.506
-54.996,-5.0098,-5.0098,-25.012,25.012,-25.012
-5.4922,-0.48242,-0.48242,0.48242,5.4922,0.48242
-6.123,-0.55664,-0.55664,0.55664,6.123,0.55664
-6.8652,-0.63086,-0.63086,0.63086,6.8652,0.63086
-7.8672,-0.70508,-0.70508,0.70508,7.8672,0.70508
-9.166,-0.81641,-0.81641,0.81641,9.166,0.81641
-10.984,-1.002,-1.002,1.002,10.984,1.002
-13.768,-1.2617,-1.2617,1.2617,13.768,1.2617
-18.332,-1.6699,-1.6699,1.6699,18.332,1.6699
-27.498,-2.4863,-2.4863,2.4863,27.498,2.4863
-54.996,-5.0098,-5.0098,5.0098,54.996,5.0098
-5.4922,-0.48242,-0.48242,3.4883,8.498,3.4883
-6.123,-0.55664,-0.55664,3.8965,9.4629,3.8965
-6.8652,-0.63086,-0.63086,4.3789,10.613,4.3789
-7.8672,-0.70508,-0.70508,5.0098,12.135,5.0098
-9.166,-0.81641,-0.81641,5.8262,14.176,5.8262
-10.984,-1.002,-1.002,7.0137,16.996,7.0137
-13.768,-1.2617,-1.2617,8.7578,21.264,8.7578
-18.332,-1.6699,-1.6699,11.652,28.352,11.652
-27.498,-2.4863,-2.4863,17.516,42.49,17.516
-54.996,-5.0098,-5.0098,34.994,85.018,34.994
-5.4922,-0.48242,-0.48242,6.4941,11.504,6.4941
-6.123,-0.55664,-0.55664,7.2363,12.766,7.2363
-6.8652,-0.63086,-0.63086,8.127,14.361,8.127
-7.8672,-0.70508,-0.70508,9.2773,16.439,9.2773
-9.166,-0.81641,-0.81641,10.836,19.148,10.836
-10.984,-1.002,-1.002,12.988,23.008,12.988
-13.768,-1.2617,-1.2617,16.254,28.76,16.254
-18.332,-1.6699,-1.6699,21.672,38.334,21.672
-27.498,-2.4863,-2.4863,32.508,57.482,32.508
-54.996,-5.0098,-5.0098,65.016,115,65.016
-5.4922,-0.48242,-0.48242,9.5,14.51,9.5
-6.123,-0.55664,-0.55664,10.539,16.105,10.539
-6.8652,-0.63086,-0.63086,11.875,18.109,11.875
-7.8672,-0.70508,-0.70508,13.582,20.707,13.582
-9.166,-0.81641,-0.81641,15.846,24.158,15.846
-10.984,-1.002,-1.002,19,28.982,19
-13.768,-1.2617,-1.2617,23.75,36.256,23.75
-18.332,-1.6699,-1.6699,31.654,48.316,31.654
-27.498,-2.4863,-2.4863,47.5,72.512,47.5
-54.996,-5.0098,-5.0098,95,144.99,95
-5.4922,-0.48242,-0.48242,12.506,17.516,12.506
-6.123,-0.55664,-0.55664,13.879,19.445,13.879
-6.8652,-0.63086,-0.63086,15.623,21.857,15.623
-7.8672,-0.70508,-0.70508,17.85,25.012,17.85
-9.166,-0.81641,-0.81641,20.818,29.168,20.818
-10.984,-1.002,-1.002,25.012,34.994,25.012
-13.768,-1.2617,-1.2617,31.246,43.752,31.246
-18.332,-1.6699,-1.6699,41.674,58.336,41.674
-27.498,-2.4863,-2.4863,62.492,87.504,62.492
-54.996,-5.0098,-5.0098,124.98,175.01,124.98
-2.4863,2.4863,2.4863,-17.516,-12.506,-17.516
-2.7832,2.7832,2.7832,-19.445,-13.879,-19.445
-3.1172,3.1172,3.1172,-21.857,-15.623,-21.857
-3.5625,3.5625,3.5625,-25.012,-17.85,-25.012
-4.1563,4.1563,4.1563,-29.168,-20.818,-29.168
-5.0098,5.0098,5.0098,-34.994,-25.012,-34.994
-6.2344,6.2344,6.2344,-43.752,-31.246,-43.752
-8.3496,8.3496,8.3496,-58.336,-41.674,-58.336
-12.506,12.506,12.506,-87.504,-62.492,-87.504
-25.012,25.012,25.012,-175.01,-124.98,-175.01
-2.4863,2.4863,2.4863,-14.51,-9.5,-14.51
-2.7832,2.7832,2.7832,-16.105,-10.539,-16.105
-3.1172,3.1172,3.1172,-18.109,-11.875,-18.109
-3.5625,3.5625,3.5625,-20.707,-13.582,-20.707
-4.1563,4.1563,4.1563,-24.158,-15.846,-24.158
-5.0098,5.0098,5.0098,-28.982,-19,-28.982
-6.2344,6.2344,6.2344,-36.256,-23.75,-36.256
-8.3496,8.3496,8.3496,-48.316,-31.654,-48.316
-12.506,12.506,12.506,-72.512,-47.5,-72.512
-25.012,25.012,25.012,-144.99,-95,-144.99
-2.4863,2.4863,2.4863,-11.504,-6.4941,-11.504
-2.7832,2.7832,2.7832,-12.766,-7.2363,-12.766
-3.1172,3.1172,3.1172,-14.361,-8.127,-14.361
-3.5625,3.5625,3.5625,-16.439,-9.2773,-16.439
-4.1563,4.1563,4.1563,-19.148,-10.836,-19.148
-5.0098,5.0098,5.0098,-23.008,-12.988,-23.008
-6.2344,6.2344,6.2344,-28.76,-16.254,-28.76
-8.3496,8.3496,8.3496,-38.334,-21.672,-38.334
-12.506,12.506,12.506,-57.482,-32.508,-57.482
-25.012,25.012,25.012,-115,-65.016,-115
-2.4863,2.4863,2.4863,-8.498,-3.4883,-8.498
-2.7832,2.7832,2.7832,-9.4629,-3.8965,-9.4629
-3.1172,3.1172,3.1172,-10.613,-4.3789,-10.613
-3.5625,3.5625,3.5625,-12.135,-5.0098,-12.135
-4.1563,4.1563,4.1563,-14.176,-5.8262,-14.176
-5.0098,5.0098,5.0098,-16.996,-7.0137,-16.996
-6.2344,6.2344,6.2344,-21.264,-8.7578,-21.264
-8.3496,8.3496,8.3496,-28.352,-11.652,-28.352
-12.506,12.506,12.506,-42.49,-17.516,-42.49
-25.012,25.012,25.012,-85.018,-34.994,-85.018
-2.4863,2.4863,2.4863,-5.4922,-0.48242,-5.4922
-2.7832,2.7832,2.7832,-6.123,-0.55664,-6.123
-3.1172,3.1172,3.1172,-6.8652,-0.63086,-6.8652
-3.5625,3.5625,3.5625,-7.8672,-0.70508,-7.8672
-4.1563,4.1563,4.1563,-9.166,-0.81641,-9.166
-5.0098,5.0098,5.0098,-10.984,-1.002,-10.984
-6.2344,6.2344,6.2344,-13.768,-1.2617,-13.768
-8.3496,8.3496,8.3496,-18.332,-1.6699,-18.332
-12.506,12.506,12.506,-27.498,-2.4863,-27.498
-25.012,25.012,25.012,-54.996,-5.0098,-54.996
-2.4863,2.4863,2.4863,-2.4863,2.4863,-2.4863
-2.7832,2.7832,2.7832,-2.7832,2.7832,-2.7832
-3.1172,3.1172,3.1172,-3.1172,3.1172,-3.1172
-3.5625,3.5625,3.5625,-3.5625,3.5625,-3.5625
-4.1563,4.1563,4.1563,-4.1563,4.1563,-4.1563
-5.0098,5.0098,5.0098,-5.0098,5.0098,-5.0098
-6.2344,6.2344,6.2344,-6.2344,6.2344,-6.2344
-8.3496,8.3496,8.3496,-8.3496,8.3496,-8.3496
-12.506,12.506,12.506,-12.506,12.506,-12.506
-25.012,25.012,25.012,-25.012,25.012,-25.012
-2.4863,2.4863,2.4863,0.48242,5.4922,0.48242
-2.7832,2.7832,2.7832,0.55664,6.123,0.55664
-3.1172,3.1172,3.1172,0.63086,6.8652,0.63086
-3.5625,3.5625,3.5625,0.70508,7.8672,0.70508
-4.1563,4.1563,4.1563,0.81641,9.166,0.81641
-5.0098,5.0098,5.0098,1.002,10.984,1.002
-6.2344,6.2344,6.2344,1.2617,13.768,1.2617
-8.3496,8.3496,8.3496,1.6699,18.332,1.6699
-12.506,12.506,12.506,2.4863,27.498,2.4863
-25.012,25.012,25.012,5.0098,54.996,5.0098
-2.4863,2.4863,2.4863,3.4883,8.498,3.4883
-2.7832,2.7832,2.7832,3.8965,9.4629,3.8965
-3.1172,3.1172,3.1172,4.3789,10.613,4.3789
-3.5625,3.5625,3.5625,5.0098,12.135,5.0098
-4.1563,4.1563,4.1563,5.8262,14.176,5.8262
-5.0098,5.0098,5.0098,7.0137,16.996,7.0137
-6.2344,6.2344,6.2344,8.7578,21.264,8.7578
-8.3496,8.3496,8.3496,11.652,28.352,11.652
-12.506,12.506,12.506,17.516,42.49,17.516
-25.012,25.012,25.012,34.994,85.018,34.994
-2.4863,2.4863,2.4863,6.4941,11.504,6.4941
-2.7832,2.7832,2.7832,7.2363,12.766,7.2363
-3.1172,3.1172,3.1172,8.127,14.361,8.127
-3.5625,3.5625,3.5625,9.2773,16.439,9.2773
-4.1563,4.1563,4.1563,10.836,19.148,10.836
-5.0098,5.0098,5.0098,12.988,23.008,12.988
-6.2344,6.2344,6.2344,16.254,28.76,16.254
-8.3496,8.3496,8.3496,21.672,38.334,21.672
-12.506,12.506,12.506,32.508,57.482,32.508
-25.012,25.012,25.012,65.016,115,65.016
-2.4863,2.4863,2.4863,9.5,14.51,9.5
-2.7832,2.7832,2.7832,10.539,16.105,10.539
-3.1172,3.1172,3.1172,11.875,18.109,11.875
-3.5625,3.5625,3.5625,13.582,20.707,13.582
-4.1563,4.1563,4.1563,15.846,24.158,15.846
-5.0098,5.0098,5.0098,19,28.982,19
-6.2344,6.2344,6.2344,23.75,36.256,23.75
-8.3496,8.3496,8.3496,31.654,48.316,31.654
-12.506,12.506,12.506,47.5,72.512,47.5
-25.012,25.012,25.012,95,144.99,95
-2.4863,2.4863,2.4863,12.506,17.516,12.506
-2.7832,2.7832,2.7832,13.879,19.445,13.879
-3.1172,3.1172,3.1172,15.623,21.857,15.623
-3.5625,3.5625,3.5625,17.85,25.012,17.85
-4.1563,4.1563,4.1563,20.818,29.168,20.818
-5.0098,5.0098,5.0098,25.012,34.994,25.012
-6.2344,6.2344,6.2344,31.246,43.752,31.246
-8.3496,8.3496,8.3496,41.674,58.336,41.674
-12.506,12.506,12.506,62.492,87.504,62.492
-25.012,25.012,25.012,124.98,175.01,124.98
0.48242,5.4922,5.4922,-17.516,-12.506,-17.516
0.55664,6.123,6.123,-19.445,-13.879,-19.445
0.63086,6.8652,6.8652,-21.857,-15.623,-21.857
0.70508,7.8672,7.8672,-25.012,-17.85,-25.012
0.81641,9.166,9.166,-29.168,-20.818,-29.168
1.002,10.984,10.984,-34.994,-25.012,-34.994
1.2617,13.768,13.768,-43.752,-31.246,-43.752
1.6699,18.332,18.332,-58.336,-41.674,-58.336
2.4863,27.498,27.498,-87.504,-62.492,-87.504
5.0098,54.996,54.996,-175.01,-124.98,-175.01
0.48242,5.4922,5.4922,-14.51,-9.5,-14.51
0.55664,6.123,6.123,-16.105,-10.539,-16.105
0.63086,6.8652,6.8652,-18.109,-11.875,-18.109
0.70508,7.8672,7.8672,-20.707,-13.582,-20.707
0.81641,9.166,9.166,-24.158,-15.846,-24.158
1.002,10.984,10.984,-28.982,-19,-28.982
1.2617,13.768,13.768,-36.256,-23.75,-36.256
1.6699,18.332,18.332,-48.316,-31.654,-48.316
2.4863,27.498,27.498,-72.512,-47.5,-72.512
5.0098,54.996,54.996,-144.99,-95,-144.99
0.48242,5.4922,5.4922,-11.504,-6.4941,-11.504
0.55664,6.123,6.123,-12.766,-7.2363,-12.766
0.63086,6.8652,6.8652,-14.361,-8.127,-14.361
0.70508,7.8672,7.8672,-16.439,-9.2773,-16.439
0.81641,9.166,9.166,-19.148,-10.836,-19.148
1.002,10.984,10.984,-23.008,-12.988,-23.008
1.2617,13.768,13.768,-28.76,-16.254,-28.76
1.6699,18.332,18.332,-38.334,-21.672,-38.334
2.4863,27.498,27.498,-57.482,-32.508,-57.482
5.0098,54.996,54.996,-115,-65.016,-115
0.48242,5.4922,5.4922,-8.498,-3.4883,-8.498
0.55664,6.123,6.123,-9.4629,-3.8965,-9.4629
0.63086,6.8652,6.8652,-10.613,-4.3789,-10.613
0.70508,7.8672,7.8672,-12.135,-5.0098,-12.135
0.81641,9.166,9.166,-14.176,-5.8262,-14.176
1.002,10.984,10.984,-16.996,-7.0137,-16.996
1.2617,13.768,13.768,-21.264,-8.7578,-21.264
1.6699,18.332,18.332,-28.352,-11.652,-28.352
2.4863,27.498,27.498,-42.49,-17.516,-42.49
5.0098,54.996,54.996,-85.018,-34.994,-85.018
0.48242,5.4922,5.4922,-5.4922,-0.48242,-5.4922
0.55664,6.123,6.123,-6.123,-0.55664,-6.123
0.63086,6.8652,6.8652,-6.8652,-0.63086,-6.8652
0.70508,7.8672,7.8672,-7.8672,-0.70508,-7.8672
0.81641,9.166,9.166,-9.166,-0.81641,-9.166
1.002,10.984,10.984,-10.984,-1.002,-10.984
1.2617,13.768,13.768,-13.768,-1.2617,-13.768
1.6699,18.332,18.332,-18.332,-1.6699,-18.332
2.4863,27.498,27.498,-27.498,-2.4863,-27.498
5.0098,54.996,54.996,-54.996,-5.0098,-54.996
0.48242,5.4922,5.4922,-2.4863,2.4863,-2.4863
0.55664,6.123,6.123,-2.7832,2.7832,-2.7832
0.63086,6.8652,6.8652,-3.1172,3.1172,-3.1172
0.70508,7.8672,7.8672,-3.5625,3.5625,-3.5625
0.81641,9.166,9.166,-4.1563,4.1563,-4.1563
1.002,10.984,10.984,-5.0098,5.0098,-5.0098
1.2617,13.768,13.768,-6.2344,6.2344,-6.2344
1.6699,18.332,18.332,-8.3496,8.3496,-8.3496
2.4863,27.498,27.498,-12.506,12.506,-12.506
5.0098,54.996,54.996,-25.012,25.012,-25.012
0.48242,5.4922,5.4922,0.48242,5.4922,0.48242
0.55664,6.123,6.123,0.55664,6.123,0.55664
0.63086,6.8652,6.8652,0.63086,6.8652,0.63086
0.70508,7.8672,7.8672,0.70508,7.8672,0.70508
0.81641,9.166,9.166,0.81641,9.166,0.81641
1.002,10.984,10.984,1.002,10.984,1.002
1.2617,13.768,13.768,1.2617,13.768,1.2617
1.6699,18.332,18.332,1.6699,18.332,1.6699
2.4863,27.498,27.498,2.4863,27.498,2.4863
5.0098,54.996,54.996,5.0098,54.996,5.0098
0.48242,5.4922,5.4922,3.4883,8.498,3.4883
0.55664,6.123,6.123,3.8965,9.4629,3.8965
0.63086,6.8652,6.8652,4.3789,10.613,4.3789
0.70508,7.8672,7.8672,5.0098,12.135,5.0098
0.81641,9.166,9.166,5.8262,14.176,5.8262
1.002,10.984,10.984,7.0137,16.996,7.0137
1.2617,13.768,13.768,8.7578,21.264,8.7578
1.6699,18.332,18.332,11.652,28.352,11.652
2.4863,27.498,27.498,17.516,42.49,17.516
5.0098,54.996,54.996,34.994,85.018,34.994
0.48242,5.4922,5.4922,6.4941,11.504,6.4941
0.55664,6.123,6.123,7.2363,12.766,7.2363
0.63086,6.8652,6.8652,8.127,14.361,8.127
0.70508,7.8672,7.8672,9.2773,16.439,9.2773
0.81641,9.166,9.166,10.836,19.148,10.836
1.002,10.984,10.984,12.988,23.008,12.988
1.2617,13.768,13.768,16.254,28.76,16.254
1.6699,18.332,18.332,21.672,38.334,21.672
2.4863,27.498,27.498,32.508,57.482,32.508
5.0098,54.996,54.996,65.016,115,65.016
0.48242,5.4922,5.4922,9.5,14.51,9.5
0.55664,6.123,6.123,10.539,16.105,10.539
0.63086,6.8652,6.8652,11.875,18.109,11.875
0.70508,7.8672,7.8672,13.582,20.707,13.582
0.81641,9.166,9.166,15.846,24.158,15.846
1.002,10.984,10.984,19,28.982,19
1.2617,13.768,13.768,23.75,36.256,23.75
1.6699,18.332,18.332,31.654,48.316,31.654
2.4863,27.498,27.498,47.5,72.512,47.5
5.0098,54.996,54.996,95,144.99,95
0.48242,5.4922,5.4922,12.506,17.516,12.506
0.55664,6.123,6.123,13.879,19.445,13.879
0.63086,6.8652,6.8652,15.623,21.857,15.623
0.70508,7.8672,7.8672,17.85,25.012,17.85
0.81641,9.166,9.166,20.818,29.168,20.818
1.002,10.984,10.984,25.012,34.994,25.012
1.2617,13.768,13.768,31.246,43.752,31.246
1.6699,18.332,18.332,41.674,58.336,41.674
2.4863,27.498,27.498,62.492,87.504,62.492
5.0098,54.996,54.996,124.98,175.01,124.98
3.4883,8.498,8.498,-17.516,-12.506,-17.516
3.8965,9.4629,9.4629,-19.445,-13.879,-19.445
4.3789,10.613,10.613,-21.857,-15.623,-21.857
5.0098,12.135,12.135,-25.012,-17.85,-25.012
5.8262,14.176,14.176,-29.168,-20.818,-29.168
7.0137,16.996,16.996,-34.994,-25.012,-34.994
8.7578,21.264,21.264,-43.752,-31.246,-43.752
11.652,28.352,28.352,-58.336,-41.674,-58.336
17.516,42.49,42.49,-87.504,-62.492,-87.504
34.994,85.018,85.018,-175.01,-124.98,-175.01
3.4883,8.498,8.498,-14.51,-9.5,-14.51
3.8965,9.4629,9.4629,-16.105,-10.539,-16.105
4.3789,10.613,10.613,-18.109,-11.875,-18.109
5.0098,12.135,12.135,-20.707,-13.582,-20.707
5.8262,14.176,14.176,-24.158,-15.846,-24.158
7.0137,16.996,16.996,-28.982,-19,-28.982
8.7578,21.264,21.264,-36.256,-23.75,-36.256
11.652,28.352,28.352,-48.316,-31.654,-48.316
17.516,42.49,42.49,-72.512,-47.5,-72.512
34.994,85.018,85.018,-144.99,-95,-144.99
3.4883,8.498,8.498,-11.504,-6.4941,-11.504
3.8965,9.4629,9.4629,-12.766,-7.2363,-12.766
4.3789,10.613,10.613,-14.361,-8.127,-14.361
5.0098,12.135,12.135,-16.439,-9.2773,-16.439
5.8262,14.176,14.176,-19.148,-10.836,-19.148
7.0137,16.996,16.996,-23.008,-12.988,-23.008
8.7578,21.264,21.264,-28.76,-16.254,-28.76
11.652,28.352,28.352,-38.334,-21.672,-38.334
17.516,42.49,42.49,-57.482,-32.508,-57.482
34.994,85.018,85.018,-115,-65.016,-115
3.4883,8.498,8.498,-8.498,-3.4883,-8.498
3.8965,9.4629,9.4629,-9.4629,-3.8965,-9.4629
4.3789,10.613,10.613,-10.613,-4.3789,-10.613
5.0098,12.135,12.135,-12.135,-5.0098,-12.135
5.8262,14.176,14.176,-14.176,-5.8262,-14.176
7.0137,16.996,16.996,-16.996,-7.0137,-16.996
8.7578,21.264,21.264,-21.264,-8.7578,-21.264
11.652,28.352,28.352,-28.352,-11.652,-28.352
17.516,42.49,42.49,-42.49,-17.516,-42.49
34.994,85.018,85.018,-85.018,-34.994,-85.018
3.4883,8.498,8.498,-5.4922,-0.48242,-5.4922
3.8965,9.4629,9.4629,-6.123,-0.55664,-6.123
4.3789,10.613,10.613,-6.8652,-0.63086,-6.8652
5.0098,12.135,12.135,-7.8672,-0.70508,-7.8672
5.8262,14.176,14.176,-9.166,-0.81641,-9.166
7.0137,16.996,16.996,-10.984,-1.002,-10.984
8.7578,21.264,21.264,-13.768,-1.2617,-13.768
11.652,28.352,28.352,-18.332,-1.6699,-18.332
17.516,42.49,42.49,-27.498,-2.4863,-27.498
34.994,85.018,85.018,-54.996,-5.0098,-54.996
3.4883,8.498,8.498,-2.4863,2.4863,-2.4863
3.8965,9.4629,9.4629,-2.7832,2.7832,-2.7832
4.3789,10.613,10.613,-3.1172,3.1172,-3.1172
5.0098,12.135,12.135,-3.5625,3.5625,-3.5625
5.8262,14.176,14.176,-4.1563,4.1563,-4.1563
7.0137,16.996,16.996,-5.0098,5.0098,-5.0098
8.7578,21.264,21.264,-6.2344,6.2344,-6.2344
11.652,28.352,28.352,-8.3496,8.3496,-8.3496
17.516,42.49,42.49,-12.506,12.506,-12.506
34.994,85.018,85.018,-25.012,25.012,-25.012
3.4883,8.498,8.498,0.48242,5.4922,0.48242
3.8965,9.4629,9.4629,0.55664,6.123,0.55664
4.3789,10.613,10.613,0.63086,6.8652,0.63086
5.0098,12.135,12.135,0.70508,7.8672,0.70508
5.8262,14.176,14.176,0.81641,9.166,0.81641
7.0137,16.996,16.996,1.002,10.984,1.002
8.7578,21.264,21.264,1.2617,13.768,1.2617
11.652,28.352,28.352,1.6699,18.332,1.6699
17.516,42.49,42.49,2.4863,27.498,2.4863
34.994,85.018,85.018,5.0098,54.996,5.0098
3.4883,8.498,8.498,3.4883,8.498,3.4883
3.8965,9.4629,9.4629,3.8965,9.4629,3.8965
4.3789,10.613,10.613,4.3789,10.613,4.3789
5.0098,12.135,12.135,5.0098,12.135,5.0098
5.8262,14.176,14.176,5.8262,14.176,5.8262
7.0137,16.996,16.996,7.0137,16.996,7.0137
8.7578,21.264,21.264,8.7578,21.264,8.7578
11.652,28.352,28.352,11.652,28.352,11.652
17.516,42.49,42.49,17.516,42.49,17.516
34.994,85.018,85.018,34.994,85.018,34.994
3.4883,8.498,8.498,6.4941,11.504,6.4941
3.8965,9.4629,9.4629,7.2363,12.766,7.2363
4.3789,10.613,10.613,8.127,14.361,8.127
5.0098,12.135,12.135,9.2773,16.439,9.2773
5.8262,14.176,14.176,10.836,19.148,10.836
7.0137,16.996,16.996,12.988,23.008,12.988
8.7578,21.264,21.264,16.254,28.76,16.254
11.652,28.352,28.352,21.672,38.334,21.672
17.516,42.49,42.49,32.508,57.482,32.508
34.994,85.018,85.018,65.016,115,65.016
3.4883,8.498,8.498,9.5,14.51,9.5
3.8965,9.4629,9.4629,10.539,16.105,10.539
4.3789,10.613,10.613,11.875,18.109,11.875
5.0098,12.135,12.135,13.582,20.707,13.582
5.8262,14.176,14.176,15.846,24.158,15.846
7.0137,16.996,16.996,19,28.982,19
8.7578,21.264,21.264,23.75,36.256,23.75
11.652,28.352,28.352,31.654,48.316,31.654
17.516,42.49,42.49,47.5,72.512,47.5
34.994,85.018,85.018,95,144.99,95
3.4883,8.498,8.498,12.506,17.516,12.506
3.8965,9.4629,9.4629,13.879,19.445,13.879
4.3789,10.613,10.613,15.623,21.857,15.623
5.0098,12.135,12.135,17.85,25.012,17.85
5.8262,14.176,14.176,20.818,29.168,20.818
7.0137,16.996,16.996,25.012,34.994,25.012
8.7578,21.264,21.264,31.246,43.752,31.246
11.652,28.352,28.352,41.674,58.336,41.674
17.516,42.49,42.49,62.492,87.504,62.492
34.994,85.018,85.018,124.98,175.01,124.98
6.4941,11.504,11.504,-17.516,-12.506,-17.516
7.2363,12.766,12.766,-19.445,-13.879,-19.445
8.127,14.361,14.361,-21.857,-15.623,-21.857
9.2773,16.439,16.439,-25.012,-17.85,-25.012
10.836,19.148,19.148,-29.168,-20.818,-29.168
12.988,23.008,23.008,-34.994,-25.012,-34.994
16.254,28.76,28.76,-43.752,-31.246,-43.752
21.672,38.334,38.334,-58.336,-41.674,-58.336
32.508,57.482,57.482,-87.504,-62.492,-87.504
65.016,115,115,-175.01,-124.98,-175.01
6.4941,11.504,11.504,-14.51,-9.5,-14.51
7.2363,12.766,12.766,-16.105,-10.539,-16.105
8.127,14.361,14.361,-18.109,-11.875,-18.109
9.2773,16.439,16.439,-20.707,-13.582,-20.707
10.836,19.148,19.148,-24.158,-15.846,-24.158
12.988,23.008,23.008,-28.982,-19,-28.982
16.254,28.76,28.76,-36.256,-23.75,-36.256
21.672,38.334,38.334,-48.316,-31.654,-48.316
32.508,57.482,57.482,-72.512,-47.5,-72.512
65.016,115,115,-144.99,-95,-144.99
6.4941,11.504,11.504,-11.504,-6.4941,-11.504
7.2363,12.766,12.766,-12.766,-7.2363,-12.766
8.127,14.361,14.361,-14.361,-8.127,-14.361
9.2773,16.439,16.439,-16.439,-9.2773,-16.439
10.836,19.148,19.148,-19.148,-10.836,-19.148
12.988,23.008,23.008,-23.008,-12.988,-23.008
16.254,28.76,28.76,-28.76,-16.254,-28.76
21.672,38.334,38.334,-38.334,-21.672,-38.334
32.508,57.482,57.482,-57.482,-32.508,-57.482
65.016,115,115,-115,-65.016,-115
6.4941,11.504,11.504,-8.498,-3.4883,-8.498
7.2363,12.766,12.766,-9.4629,-3.8965,-9.4629
8.127,14.361,14.361,-10.613,-4.3789,-10.613
9.2773,16.439,16.439,-12.135,-5.0098,-12.135
10.836,19.148,19.148,-14.176,-5.8262,-14.176
12.988,23.008,23.008,-16.996,-7.0137,-16.996
16.254,28.76,28.76,-21.264,-8.7578,-21.264
21.672,38.334,38.334,-28.352,-11.652,-28.352
32.508,57.482,57.482,-42.49,-17.516,-42.49
65.016,115,115,-85.018,-34.994,-85.018
6.4941,11.504,11.504,-5.4922,-0.48242,-5.4922
7.2363,12.766,12.766,-6.123,-0.55664,-6.123
8.127,14.361,14.361,-6.8652,-0.63086,-6.8652
9.2773,16.439,16.439,-7.8672,-0.70508,-7.8672
10.836,19.148,19.148,-9.166,-0.81641,-9.166
12.988,23.008,23.008,-10.984,-1.002,-10.984
16.254,28.76,28.76,-13.768,-1.2617,-13.768
21.672,38.334,38.334,-18.332,-1.6699,-18.332
32.508,57.482,57.482,-27.498,-2.4863,-27.498
65.016,115,115,-54.996,-5.0098,-54.996
6.4941,11.504,11.504,-2.4863,2.4863,-2.4863
7.2363,12.766,12.766,-2.7832,2.7832,-2.7832
8.127,14.361,14.361,-3.1172,3.1172,-3.1172
9.2773,16.439,16.439,-3.5625,3.5625,-3.5625
10.836,19.148,19.148,-4.1563,4.1563,-4.1563
12.988,23.008,23.008,-5.0098,5.0098,-5.0098
16.254,28.76,28.76,-6.2344,6.2344,-6.2344
21.672,38.334,38.334,-8.3496,8.3496,-8.3496
32.508,57.482,57.482,-12.506,12.506,-12.506
65.016,115,115,-25.012,25.012,-25.012
6.4941,11.504,11.504,0.48242,5.4922,0.48242
7.2363,12.766,12.766,0.55664,6.123,0.55664
8.127,14.361,14.361,0.63086,6.8652,0.63086
9.2773,16.439,16.439,0.70508,7.8672,0.70508
10.836,19.148,19.148,0.81641,9.166,0.81641
12.988,23.008,23.008,1.002,10.984,1.002
16.254,28.76,28.76,1.2617,13.768,1.2617
21.672,38.334,38.334,1.6699,18.332,1.6699
32.508,57.482,57.482,2.4863,27.498,2.4863
65.016,115,115,5.0098,54.996,5.0098
6.4941,11.504,11.504,3.4883,8.498,3.4883
7.2363,12.766,12.766,3.8965,9.4629,3.8965
8.127,14.361,14.361,4.3789,10.613,4.3789
9.2773,16.439,16.439,5.0098,12.135,5.0098
10.836,19.148,19.148,5.8262,14.176,5.8262
12.988,23.008,23.008,7.0137,16.996,7.0137
16.254,28.76,28.76,8.7578,21.264,8.7578
21.672,38.334,38.334,11.652,28.352,11.652
32.508,57.482,57.482,17.516,42.49,17.516
65.016,115,115,34.994,85.018,34.994
6.4941,11.504,11.504,6.4941,11.504,6.4941
7.2363,12.766,12.766,7.2363,12.766,7.2363
8.127,14.361,14.361,8.127,14.361,8.127
9.2773,16.439,16.439,9.2773,16.439,9.2773
10.836,19.148,19.148,10.836,19.148,10.836
12.988,23.008,23.008,12.988,23.008,12.988
16.254,28.76,28.76,16.254,28.76,16.254
21.672,38.334,38.334,21.672,38.334,21.672
32.508,57.482,57.482,32.508,57.482,32.508
65.016,115,115,65.016,115,65.016
6.4941,11.504,11.504,9.5,14.51,9.5
7.2363,12.766,12.766,10.539,16.105,10.539
8.127,14.361,14.361,11.875,18.109,11.875
9.2773,16.439,16.439,13.582,20.707,13.582
10.836,19.148,19.148,15.846,24.158,15.846
12.988,23.008,23.008,19,28.982,19
16.254,28.76,28.76,23.75,36.256,23.75
21.672,38.334,38.334,31.654,48.316,31.654
32.508,57.482,57.482,47.5,72.512,47.5
65.016,115,115,95,144.99,95
6.4941,11.504,11.504,12.506,17.516,12.506
7.2363,12.766,12.766,13.879,19.445,13.879
8.127,14.361,14.361,15.623,21.857,15.623
9.2773,16.439,16.439,17.85,25.012,17.85
10.836,19.148,19.148,20.818,29.168,20.818
12.988,23.008,23.008,25.012,34.994,25.012
16.254,28.76,28.76,31.246,43.752,31.246
21.672,38.334,38.334,41.674,58.336,41.674
32.508,57.482,57.482,62.492,87.504,62.492
65.016,115,115,124.98,175.01,124.98
9.5,14.51,14.51,-17.516,-12.506,-17.516
10.539,16.105,16.105,-19.445,-13.879,-19.445
11.875,18.109,18.109,-21.857,-15.623,-21.857
13.582,20.707,20.707,-25.012,-17.85,-25.012
15.846,24.158,24.158,-29.168,-20.818,-29.168
19,28.982,28.982,-34.994,-25.012,-34.994
23.75,36.256,36.256,-43.752,-31.246,-43.752
31.654,48.316,48.316,-58.336,-41.674,-58.336
47.5,72.512,72.512,-87.504,-62.492,-87.504
95,144.99,144.99,-175.01,-124.98,-175.01
9.5,14.51,14.51,-14.51,-9.5,-14.51
10.539,16.105,16.105,-16.105,-10.539,-16.105
11.875,18.109,18.109,-18.109,-11.875,-18.109
13.582,20.707,20.707,-20.707,-13.582,-20.707
15.846,24.158,24.158,-24.158,-15.846,-24.158
19,28.982,28.982,-28.982,-19,-28.982
23.75,36.256,36.256,-36.256,-23.75,-36.256
31.654,48.316,48.316,-48.316,-31.654,-48.316
47.5,72.512,72.512,-72.512,-47.5,-72.512
95,144.99,144.99,-144.99,-95,-144.99
9.5,14.51,14.51,-11.504,-6.4941,-11.504
10.539,16.105,16.105,-12.766,-7.2363,-12.766
11.875,18.109,18.109,-14.361,-8.127,-14.361
13.582,20.707,20.707,-16.439,-9.2773,-16.439
15.846,24.158,24.158,-19.148,-10.836,-19.148
19,28.982,28.982,-23.008,-12.988,-23.008
23.75,36.256,36.256,-28.76,-16.254,-28.76
31.654,48.316,48.316,-38.334,-21.672,-38.334
47.5,72.512,72.512,-57.482,-32.508,-57.482
95,144.99,144.99,-115,-65.016,-115
9.5,14.51,14.51,-8.498,-3.4883,-8.498
10.539,16.105,16.105,-9.4629,-3.8965,-9.4629
11.875,18.109,18.109,-10.613,-4.3789,-10.613
13.582,20.707,20.707,-12.135,-5.0098,-12.135
15.846,24.158,24.158,-14.176,-5.8262,-14.176
19,28.982,28.982,-16.996,-7.0137,-16.996
23.75,36.256,36.256,-21.264,-8.7578,-21.264
31.654,48.316,48.316,-28.352,-11.652,-28.352
47.5,72.512,72.512,-42.49,-17.516,-42.49
95,144.99,144.99,-85.018,-34.994,-85.018
9.5,14.51,14.51,-5.4922,-0.48242,-5.4922
10.539,16.105,16.105,-6.123,-0.55664,-6.123
11.875,18.109,18.109,-6.8652,-0.63086,-6.8652
13.582,20.707,20.707,-7.8672,-0.70508,-7.8672
15.846,24.158,24.158,-9.166,-0.81641,-9.166
19,28.982,28.982,-10.984,-1.002,-10.984
23.75,36.256,36.256,-13.768,-1.2617,-13.768
31.654,48.316,48.316,-18.332,-1.6699,-18.332
47.5,72.512,72.512,-27.498,-2.4863,-27.498
95,144.99,144.99,-54.996,-5.0098,-54.996
9.5,14.51,14.51,-2.4863,2.4863,-2.4863
10.539,16.105,16.105,-2.7832,2.7832,-2.7832
11.875,18.109,18.109,-3.1172,3.1172,-3.1172
13.582,20.707,20.707,-3.5625,3.5625,-3.5625
15.846,24.158,24.158,-4.1563,4.1563,-4.1563
19,28.982,28.982,-5.0098,5.0098,-5.0098
23.75,36.256,36.256,-6.2344,6.2344,-6.2344
31.654,48.316,48.316,-8.3496,8.3496,-8.3496
47.5,72.512,72.512,-12.506,12.506,-12.506
95,144.99,144.99,-25.012,25.012,-25.012
9.5,14.51,14.51,0.48242,5.4922,0.48242
10.539,16.105,16.105,0.55664,6.123,0.55664
11.875,18.109,18.109,0.63086,6.8652,0.63086
13.582,20.707,20.707,0.70508,7.8672,0.70508
15.846,24.158,24.158,0.81641,9.166,0.81641
19,28.982,28.982,1.002,10.984,1.002
23.75,36.256,36.256,1.2617,13.768,1.2617
31.654,48.316,48.316,1.6699,18.332,1.6699
47.5,72.512,72.512,2.4863,27.498,2.4863
95,144.99,144.99,5.0098,54.996,5.0098
9.5,14.51,14.51,3.4883,8.498,3.4883
10.539,16.105,16.105,3.8965,9.4629,3.8965
11.875,18.109,18.109,4.3789,10.613,4.3789
13.582,20.707,20.707,5.0098,12.135,5.0098
15.846,24.158,24.158,5.8262,14.176,5.8262
19,28.982,28.982,7.0137,16.996,7.0137
23.75,36.256,36.256,8.7578,21.264,8.7578
31.654,48.316,48.316,11.652,28.352,11.652
47.5,72.512,72.512,17.516,42.49,17.516
95,144.99,144.99,34.994,85.018,34.994
9.5,14.51,14.51,6.4941,11.504,6.4941
10.539,16.105,16.105,7.2363,12.766,7.2363
11.875,18.109,18.109,8.127,14.361,8.127
13.582,20.707,20.707,9.2773,16.439,9.2773
15.846,24.158,24.158,10.836,19.148,10.836
19,28.982,28.982,12.988,23.008,12.988
23.75,36.256,36.256,16.254,28.76,16.254
31.654,48.316,48.316,21.672,38.334,21.672
47.5,72.512,72.512,32.508,57.482,32.508
95,144.99,144.99,65.016,115,65.016
9.5,14.51,14.51,9.5,14.51,9.5
10.539,16.105,16.105,10.539,16.105,10.539
11.875,18.109,18.109,11.875,18.109,11.875
13.582,20.707,20.707,13.582,20.707,13.582
15.846,24.158,24.158,15.846,24.158,15.846
19,28.982,28.982,19,28.982,19
23.75,36.256,36.256,23.75,36.256,23.75
31.654,48.316,48.316,31.654,48.316,31.654
47.5,72.512,72.512,47.5,72.512,47.5
95,144.99,144.99,95,144.99,95
9.5,14.51,14.51,12.506,17.516,12.506
10.539,16.105,16.105,13.879,19.445,13.879
11.875,18.109,18.109,15.623,21.857,15.623
13.582,20.707,20.707,17.85,25.012,17.85
15.846,24.158,24.158,20.818,29.168,20.818
19,28.982,28.982,25.012,34.994,25.012
23.75,36.256,36.256,31.246,43.752,31.246
31.654,48.316,48.316,41.674,58.336,41.674
47.5,72.512,72.512,62.492,87.504,62.492
95,144.99,144.99,124.98,175.01,124.98
12.506,17.516,17.516,-17.516,-12.506,-17.516
13.879,19.445,19.445,-19.445,-13.879,-19.445
15.623,21.857,21.857,-21.857,-15.623,-21.857
17.85,25.012,25.012,-25.012,-17.85,-25.012
20.818,29.168,29.168,-29.168,-20.818,-29.168
25.012,34.994,34.994,-34.994,-25.012,-34.994
31.246,43.752,43.752,-43.752,-31.246,-43.752
41.674,58.336,58.336,-58.336,-41.674,-58.336
62.492,87.504,87.504,-87.504,-62.492,-87.504
124.98,175.01,175.01,-175.01,-124.98,-175.01
12.506,17.516,17.516,-14.51,-9.5,-14.51
13.879,19.445,19.445,-16.105,-10.539,-16.105
15.623,21.857,21.857,-18.109,-11.875,-18.109
17.85,25.012,25.012,-20.707,-13.582,-20.707
20.818,29.168,29.168,-24.158,-15.846,-24.158
25.012,34.994,34.994,-28.982,-19,-28.982
31.246,43.752,43.752,-36.256,-23.75,-36.256
41.674,58.336,58.336,-48.316,-31.654,-48.316
62.492,87.504,87.504,-72.512,-47.5,-72.512
124.98,175.01,175.01,-144.99,-95,-144.99
12.506,17.516,17.516,-11.504,-6.4941,-11.504
13.879,19.445,19.445,-12.766,-7.2363,-12.766
15.623,21.857,21.857,-14.361,-8.127,-14.361
17.85,25.012,25.012,-16.439,-9.2773,-16.439
20.818,29.168,29.168,-19.148,-10.836,-19.148
25.012,34.994,34.994,-23.008,-12.988,-23.008
31.246,43.752,43.752,-28.76,-16.254,-28.76
41.674,58.336,58.336,-38.334,-21.672,-38.334
62.492,87.504,87.504,-57.482,-32.508,-57.482
124.98,175.01,175.01,-115,-65.016,-115
12.506,17.516,17.516,-8.498,-3.4883,-8.498
13.879,19.445,19.445,-9.4629,-3.8965,-9.4629
15.623,21.857,21.857,-10.613,-4.3789,-10.613
17.85,25.012,25.012,-12.135,-5.0098,-12.135
20.818,29.168,29.168,-14.176,-5.8262,-14.176
25.012,34.994,34.994,-16.996,-7.0137,-16.996
31.246,43.752,43.752,-21.264,-8.7578,-21.264
41.674,58.336,58.336,-28.352,-11.652,-28.352
62.492,87.504,87.504,-42.49,-17.516,-42.49
124.98,175.01,175.01,-85.018,-34.994,-85.018
12.506,17.516,17.516,-5.4922,-0.48242,-5.4922
13.879,19.445,19.445,-6.123,-0.55664,-6.123
15.623,21.857,21.857,-6.8652,-0.63086,-6.8652
17.85,25.012,25.012,-7.8672,-0.70508,-7.8672
20.818,29.168,29.168,-9.166,-0.81641,-9.166
25.012,34.994,34.994,-10.984,-1.002,-10.984
31.246,43.752,43.752,-13.768,-1.2617,-13.768
41.674,58.336,58.336,-18.332,-1.6699,-18.332
62.492,87.504,87.504,-27.498,-2.4863,-27.498
124.98,175.01,175.01,-54.996,-5.0098,-54.996
12.506,17.516,17.516,-2.4863,2.4863,-2.4863
13.879,19.445,19.445,-2.7832,2.7832,-2.7832
15.623,21.857,21.857,-3.1172,3.1172,-3.1172
17.85,25.012,25.012,-3.5625,3.5625,-3.5625
20.818,29.168,29.168,-4.1563,4.1563,-4.1563
25.012,34.994,34.994,-5.0098,5.0098,-5.0098
31.246,43.752,43.752,-6.2344,6.2344,-6.2344
41.674,58.336,58.336,-8.3496,8.3496,-8.3496
62.492,87.504,87.504,-12.506,12.506,-12.506
124.98,175.01,175.01,-25.012,25.012,-25.012
12.506,17.516,17.516,0.48242,5.4922,0.48242
13.879,19.445,19.445,0.55664,6.123,0.55664
15.623,21.857,21.857,0.63086,6.8652,0.63086
17.85,25.012,25.012,0.70508,7.8672,0.70508
20.818,29.168,29.168,0.81641,9.166,0.81641
25.012,34.994,34.994,1.002,10.984,1.002
31.246,43.752,43.752,1.2617,13.768,1.2617
41.674,58.336,58.336,1.6699,18.332,1.6699
62.492,87.504,87.504,2.4863,27.498,2.4863
124.98,175.01,175.01,5.0098,54.996,5.0098
12.506,17.516,17.516,3.4883,8.498,3.4883
13.879,19.445,19.445,3.8965,9.4629,3.8965
15.623,21.857,21.857,4.3789,10.613,4.3789
17.85,25.012,25.012,5.0098,12.135,5.0098
20.818,29.168,29.168,5.8262,14.176,5.8262
25.012,34.994,34.994,7.0137,16.996,7.0137
31.246,43.752,43.752,8.7578,21.264,8.7578
41.674,58.336,58.336,11.652,28.352,11.652
62.492,87.504,87.504,17.516,42.49,17.516
124.98,175.01,175.01,34.994,85.018,34.994
12.506,17.516,17.516,6.4941,11.504,6.4941
13.879,19.445,19.445,7.2363,12.766,7.2363
15.623,21.857,21.857,8.127,14.361,8.127
17.85,25.012,25.012,9.2773,16.439,9.2773
20.818,29.168,29.168,10.836,19.148,10.836
25.012,34.994,34.994,12.988,23.008,12.988
31.246,43.752,43.752,16.254,28.76,16.254
41.674,58.336,58.336,21.672,38.334,21.672
62.492,87.504,87.504,32.508,57.482,32.508
124.98,175.01,175.01,65.016,115,65.016
12.506,17.516,17.516,9.5,14.51,9.5
13.879,19.445,19.445,10.539,16.105,10.539
15.623,21.857,21.857,11.875,18.109,11.875
17.85,25.012,25.012,13.582,20.707,13.582
20.818,29.168,29.168,15.846,24.158,15.846
25.012,34.994,34.994,19,28.982,19
31.246,43.752,43.752,23.75,36.256,23.75
41.674,58.336,58.336,31.654,48.316,31.654
62.492,87.504,87.504,47.5,72.512,47.5
124.98,175.01,175.01,95,144.99,95
12.506,17.516,17.516,12.506,17.516,12.506
13.879,19.445,19.445,13.879,19.445,13.879
15.623,21.857,21.857,15.623,21.857,15.623
17.85,25.012,25.012,17.85,25.012,17.85
20.818,29.168,29.168,20.818,29.168,20.818
25.012,34.994,34.994,25.012,34.994,25.012
31.246,43.752,43.752,31.246,43.752,31.246
41.674,58.336,58.336,41.674,58.336,41.674
62.492,87.504,87.504,62.492,87.504,62.492
124.98,175.01,175.01,124.98,175.01,124.98
